cid,cmpdname,cmpdsynonym,mw,mf,polararea,complexity,xlogp,heavycnt,hbonddonor,hbondacc,rotbonds,inchi,isosmiles,inchikey,iupacname,meshheadings,annothits,annothitcnt,aids,cidcdate,sidsrcname,depcatg,annotation
   306,"3-(1-Carboxyethenoxy)-4-hydroxycyclohexa-1,5-diene-1-carboxylic acid",SCHEMBL2619122|CHEMBL1160745,226.180,C10H10O6,104.000,392.000,0.200,16,3,6,4,"InChI=1S/C10H10O6/c1-5(9(12)13)16-8-4-6(10(14)15)2-3-7(8)11/h2-4,7-8,11H,1H2,(H,12,13)(H,14,15)",C=C(C(=O)O)OC1C=C(C=CC1O)C(=O)O,WTFXTQVDAKGDEY-UHFFFAOYSA-N,"3-(1-carboxyethenoxy)-4-hydroxycyclohexa-1,5-diene-1-carboxylic acid",NULL,Biological Test Results|Classification|Names and Identifiers|Patents,4,52148|52150|52284|52285|52286|52287,20050623,3WAY PHARM INC|AAA Chemistry|ABI Chem|Biocore|ChEMBL|ChemDB|Cheminformatics Friedrich-Schiller-University Jena|ChemSpider|Clearsynth|DiscoveryGate|Google Patents|IBM|NextBio|NovoSeek|PATENTSCOPE (WIPO)|SCRIPDB|SureChEMBL|Wikidata,Chemical Vendors|Curation Efforts|Governmental Organizations|Legacy Depositors|Research and Development|Subscription Services,NULL
12039,Chorismic acid,"chorismic acid|617-12-9|chorismate|Chorismic acid from Enterobacter aerogenes|GI1BLY82Y1|(3R,4R)-3-(1-carboxyethenoxy)-4-hydroxycyclohexa-1,5-diene-1-carboxylic acid|(3R,4R)-3-[(1-carboxyethenyl)oxy]-4-hydroxycyclohexa-1,5-diene-1-carboxylic acid|1,5-Cyclohexadiene-1-carboxylic acid, 3-((1-carboxyethenyl)oxy)-4-hydroxy-, (3R-trans)-|UNII-GI1BLY82Y1|Chorisminsaure|1,5-Cyclohexadiene-1-carboxylic acid, 3-[(1-carboxyethenyl)oxy]-4-hydroxy-, (3R-trans)-|ISJ|trans-3-([1-Carboxyethenyl]oxy)-4-hydroxy-1,5-cyclohexadiene-1-carboxylic acid|55508-12-8|bmse000075|bmse000998|CHORISMIC ACID [MI]|SCHEMBL812019|CHEBI:17333|DTXSID50210697|ZINC3869471|C00251|Q423531|Chorismic acid from Enterobacter aerogenes, >=80%|197FEC28-FF63-4FD2-8A56-AA36745A2338|(3R,4R)-3-(1-carboxyvinyloxy)-4-hydroxycyclohexa-1,5-dienecarboxylic acid|(3R,4R)-3-((1-CARBOXYETHENYL)OXY)-4-HYDROXY-1,5-CYCLOHEXADIENE-1-CARBOXYLIC ACID|(3R,4R)-3-[(1-carboxyeth-1-en-1-yl)oxy]-4-hydroxycyclohexa-1,5-diene-1-carboxylic acid|(3R,4R)-3-[(1-Carboxyethenyl)oxy]-4-hydroxycyclohexa-1,5-diene-1-carboxylate|(3R,4R)-3-[(1-carboxyvinyl)oxy]-4-hydroxycyclohexa-1,5-diene-1-carboxylic acid|(3R-trans)-3-((1-carboxyethenyl)oxy)-4-hydroxy-1,5-cyclohexadiene-1-carboxylic acid|1,5-Cyclohexadiene-1-carboxylic acid, 3-[(1-carboxyethenyl)oxy]-4-hydroxy-, (3R,4R)-|1,5-Cyclohexadiene-1-carboxylic acid, 3-[(1-carboxyvinyl)oxy]-4-hydroxy-, (3R-trans)-|1,5-Cyclohexadiene-1-carboxylic acid,3- [(1-carboxyethenyl)oxy]-4-hydroxy-,(3R,4R)-|(-)-Chorismic acid (3R-trans)-3-(1-Carboxyvinyloxy)-4-hydroxy-1,5-cyclohexadiene-1-carboxylic acid",226.180,C10H10O6,104.000,392.000,0.200,16,3,6,4,"InChI=1S/C10H10O6/c1-5(9(12)13)16-8-4-6(10(14)15)2-3-7(8)11/h2-4,7-8,11H,1H2,(H,12,13)(H,14,15)/t7-,8-/m1/s1",C=C(C(=O)O)O[C@@H]1C=C(C=C[C@H]1O)C(=O)O,WTFXTQVDAKGDEY-HTQZYQBOSA-N,"(3R,4R)-3-(1-carboxyethenoxy)-4-hydroxycyclohexa-1,5-diene-1-carboxylic acid",Chorismic Acid,Chemical and Physical Properties|Classification|Literature|Names and Identifiers|Patents|Pharmacology and Biochemistry|Safety and Hazards,7,NULL,20040916,"3B Scientific (Wuhan) Corp|3WAY PHARM INC|A2B Chem|AA BLOCKS|ABI Chem|AHH Chemical co.,ltd|Alfa Chemistry|Aurora Fine Chemicals LLC|BenchChem|BIND|BioCyc|Biological Magnetic Resonance Data Bank (BMRB)|BOC Sciences|ChEBI|Chembase.cn|ChemIDplus|Chemieliva Pharmaceutical Co., Ltd|Cheminformatics Friedrich-Schiller-University Jena|ChemMol|ChemSpider|ChemTik|CymitQuimica|DiscoveryGate|Egon Willighagen (Dept. of Bioinformatics - BiGCaT, Maastricht University)|EPA DSSTox|EPA Substance Registry Services|FDA Global Substance Registration System (GSRS)|Golm Metabolome Database (GMD), Max Planck Institute of Molecular Plant Physiology|Google Patents|Human Metabolome Database (HMDB)|IBM|J&H Chemical Co.,ltd|Japan Chemical Substance Dictionary (Nikkaji)|KEGG|MassBank Europe|MassBank of North America (MoNA)|Metabolomics Workbench|MuseChem|NCBI Structure|NextBio|NextMove Software|NovoSeek|PATENTSCOPE (WIPO)|Protein Data Bank in Europe (PDBe)|RR Scientific|Santa Cruz Biotechnology, Inc.|SCRIPDB|Sigma-Aldrich|Smolecule|Springer Nature|SureChEMBL|THE BioTek|Thieme Chemistry|Thomson Pharma|ToxPlanet|Wikidata|WikiPathways|Wiley|ZINC",Chemical Vendors|Curation Efforts|Governmental Organizations|Journal Publishers|Legacy Depositors|NIH Initiatives|Research and Development|Subscription Services,NULL
5460312,Chorismate(2-),"chorismate(2-)|55508-12-8|CHEBI:29748|DTXSID80970858|Q27104086|2-[[(1beta)-2alpha-Hydroxy-5-carboxylato-3,5-cyclohexadienyl]oxy]acrylate|3-[(1-Carboxylatoethenyl)oxy]-4-hydroxycyclohexa-1,5-diene-1-carboxylate|(3R,4R)-3-(1-carboxylatoethenoxy)-4-hydroxycyclohexa-1,5-diene-1-carboxylate|(3R,4R)-3-[(1-carboxylatoethenyl)oxy]-4-hydroxycyclohexa-1,5-diene-1-carboxylate",224.170,C10H8O6-2,110.000,381.000,1.500,16,1,6,2,"InChI=1S/C10H10O6/c1-5(9(12)13)16-8-4-6(10(14)15)2-3-7(8)11/h2-4,7-8,11H,1H2,(H,12,13)(H,14,15)/p-2/t7-,8-/m1/s1",C=C(C(=O)[O-])O[C@@H]1C=C(C=C[C@H]1O)C(=O)[O-],WTFXTQVDAKGDEY-HTQZYQBOSA-L,"(3R,4R)-3-(1-carboxylatoethenoxy)-4-hydroxycyclohexa-1,5-diene-1-carboxylate",NULL,Classification|Literature|Names and Identifiers|Patents|Pharmacology and Biochemistry|Safety and Hazards,6,NULL,20040916,"ABI Chem|BenchChem|BioCyc|ChEBI|ChemSpider|Egon Willighagen (Dept. of Bioinformatics - BiGCaT, Maastricht University)|EPA DSSTox|Google Patents|Japan Chemical Substance Dictionary (Nikkaji)|NextBio|Thieme Chemistry|Wikidata|WikiPathways",Chemical Vendors|Curation Efforts|Governmental Organizations|Journal Publishers|Legacy Depositors|Research and Development|Subscription Services,NULL
9920917,Dehydrochorismic acid,Dehydrochorismic acid|3-(1-Carboxyvinyl)benzoic acid|SCHEMBL13672445|CHEBI:174146|DTXSID401243643|3-(1-carboxyethenoxy)-4-hydroxybenzoic acid|3-(1-Carboxyvinyloxy)-4-hydroxybenzoic acid|3-(1-carboxyvinyloxy)-4-hydroxy-benzoic acid|3-[(1-carboxyvinyl)oxy]-4-hydroxybenzoic acid|3-[(1-Carboxyethenyl)oxy]-4-hydroxybenzoic acid|3-[(1-carboxyeth-1-en-1-yl)oxy]-4-hydroxybenzoic acid|4-hydroxy-3-(3-hydroxy-3-oxoprop-1-en-2-yl)oxybenzoic acid|81757-66-6,224.170,C10H8O6,104.000,310.000,1.700,16,3,6,4,"InChI=1S/C10H8O6/c1-5(9(12)13)16-8-4-6(10(14)15)2-3-7(8)11/h2-4,11H,1H2,(H,12,13)(H,14,15)",C=C(C(=O)O)OC1=C(C=CC(=C1)C(=O)O)O,LKNPFOZIOWXDQS-UHFFFAOYSA-N,3-(1-carboxyethenoxy)-4-hydroxybenzoic acid,NULL,Chemical and Physical Properties|Classification|Literature|Names and Identifiers|Patents|Pharmacology and Biochemistry,6,NULL,20061025,ChEBI|Chemical Synthesis Database|Cheminformatics Friedrich-Schiller-University Jena|ChemSpider|DiscoveryGate|EPA DSSTox|Google Patents|Human Metabolome Database (HMDB)|Metabolomics Workbench|NextBio|NIAID ChemDB|PATENTSCOPE (WIPO)|SureChEMBL|Thomson Pharma,Curation Efforts|Governmental Organizations|Journal Publishers|Legacy Depositors|NIH Initiatives|Research and Development|Subscription Services,NULL
10680903,CID 10680903,NULL,229.170,C10H10O6,104.000,392.000,0.200,16,3,6,4,"InChI=1S/C10H10O6/c1-5(9(12)13)16-8-4-6(10(14)15)2-3-7(8)11/h2-4,7-8,11H,1H2,(H,12,13)(H,14,15)/t7-,8-/m1/s1/i10+1,16+2",C=C(C(=O)O)[18O][C@@H]1C=C(C=C[C@H]1O)[13C](=O)O,WTFXTQVDAKGDEY-FVPUJWBKSA-N,"(3R,4R)-3-(1-carboxyethenoxy)-4-hydroxycyclohexa-1,5-diene-1-carboxylic acid",NULL,NULL,0,NULL,20061025,DiscoveryGate|Japan Chemical Substance Dictionary (Nikkaji)|NextBio|NovoSeek|Thomson Pharma,Chemical Vendors|Governmental Organizations|Journal Publishers|Legacy Depositors|Subscription Services,NULL
10751803,"(3R,4R)-3-(1-carboxyethenoxy)-4-hydroxy(113C)cyclohexa-1,5-diene-1-carboxylic acid",NULL,228.170,C10H10O6,104.000,392.000,0.200,16,3,6,4,"InChI=1S/C10H10O6/c1-5(9(12)13)16-8-4-6(10(14)15)2-3-7(8)11/h2-4,7-8,11H,1H2,(H,12,13)(H,14,15)/t7-,8-/m1/s1/i6+1,10+1",C=C(C(=O)O)O[C@@H]1C=[13C](C=C[C@H]1O)[13C](=O)O,WTFXTQVDAKGDEY-FBDOYRKXSA-N,"(3R,4R)-3-(1-carboxyethenoxy)-4-hydroxy(113C)cyclohexa-1,5-diene-1-carboxylic acid",NULL,NULL,0,NULL,20061026,ChemSpider|DiscoveryGate|Japan Chemical Substance Dictionary (Nikkaji)|NextBio|NovoSeek|Thomson Pharma,Chemical Vendors|Governmental Organizations|Journal Publishers|Legacy Depositors|Research and Development|Subscription Services,NULL
11086296,"methyl (3R,4R)-4-hydroxy-3-(3-methoxy-3-oxoprop-1-en-2-yl)oxycyclohexa-1,5-diene-1-carboxylate",NULL,254.240,C12H14O6,82.100,420.000,0.900,18,1,6,6,"InChI=1S/C12H14O6/c1-7(11(14)16-2)18-10-6-8(12(15)17-3)4-5-9(10)13/h4-6,9-10,13H,1H2,2-3H3/t9-,10-/m1/s1",COC(=O)C1=C[C@H]([C@@H](C=C1)O)OC(=C)C(=O)OC,SMPCKGGRMRGJEZ-NXEZZACHSA-N,"methyl (3R,4R)-4-hydroxy-3-(3-methoxy-3-oxoprop-1-en-2-yl)oxycyclohexa-1,5-diene-1-carboxylate",NULL,NULL,0,NULL,20061026,NextBio|Thomson Pharma,Journal Publishers|Legacy Depositors|Subscription Services,NULL
13257072,"3-(1-Carboxylatoethenoxy)-4-hydroxycyclohexa-1,5-diene-1-carboxylate",NULL,224.170,C10H8O6-2,110.000,381.000,1.500,16,1,6,2,"InChI=1S/C10H10O6/c1-5(9(12)13)16-8-4-6(10(14)15)2-3-7(8)11/h2-4,7-8,11H,1H2,(H,12,13)(H,14,15)/p-2",C=C(C(=O)[O-])OC1C=C(C=CC1O)C(=O)[O-],WTFXTQVDAKGDEY-UHFFFAOYSA-L,"3-(1-carboxylatoethenoxy)-4-hydroxycyclohexa-1,5-diene-1-carboxylate",NULL,NULL,0,NULL,20070208,DiscoveryGate,Legacy Depositors|Subscription Services,NULL
16219080,"(4-Bromo-2,5-dimethoxybenzyl)hydrazine","55508-12-8|CHORISMICACIDBARIUMSALT|(4-BROMO-2,5-DIMETHOXYBENZYL)HYDRAZINE|Chorismic acid barium salt from Enterobacter aerogenes, >=55%",363.510,C10H10BaO6,104.000,392.000,NULL,17,3,6,4,"InChI=1S/C10H10O6.Ba/c1-5(9(12)13)16-8-4-6(10(14)15)2-3-7(8)11;/h2-4,7-8,11H,1H2,(H,12,13)(H,14,15);/t7-,8-;/m1./s1",C=C(C(=O)O)O[C@@H]1C=C(C=C[C@H]1O)C(=O)O.[Ba],SJUFJTZXQMYXSV-SCLLHFNJSA-N,NULL,NULL,Classification|Names and Identifiers|Safety and Hazards,3,NULL,20070716,"3WAY PHARM INC|Aurora Fine Chemicals LLC|Chembase.cn|Chemieliva Pharmaceutical Co., Ltd|ChemSpider|Sigma-Aldrich",Chemical Vendors|Legacy Depositors|Research and Development,NULL
17895142,7-Methoxy-2-methoxycarbonyl-1-benzofuran-4-carboxylic acid,SCHEMBL7051399,250.200,C12H10O6,86.000,342.000,2.000,18,1,6,4,"InChI=1S/C12H10O6/c1-16-8-4-3-6(11(13)14)7-5-9(12(15)17-2)18-10(7)8/h3-5H,1-2H3,(H,13,14)",COC1=C2C(=C(C=C1)C(=O)O)C=C(O2)C(=O)OC,AOQBZGAENACIHA-UHFFFAOYSA-N,7-methoxy-2-methoxycarbonyl-1-benzofuran-4-carboxylic acid,NULL,Patents,1,NULL,20071204,ChemSpider|Google Patents|IBM|PATENTSCOPE (WIPO)|SureChEMBL,Curation Efforts|Governmental Organizations|Legacy Depositors|Research and Development,NULL
22180829,"6,7-Dimethoxy-1-benzofuran-2,4-dicarboxylic acid",NULL,266.200,C12H10O7,106.000,369.000,1.700,19,2,7,4,"InChI=1S/C12H10O7/c1-17-7-4-6(11(13)14)5-3-8(12(15)16)19-9(5)10(7)18-2/h3-4H,1-2H3,(H,13,14)(H,15,16)",COC1=C(C2=C(C=C(O2)C(=O)O)C(=C1)C(=O)O)OC,CJVUNLPDSSOCJP-UHFFFAOYSA-N,"6,7-dimethoxy-1-benzofuran-2,4-dicarboxylic acid",NULL,Patents,1,NULL,20071205,ChemSpider|Google Patents|IBM|PATENTSCOPE (WIPO),Governmental Organizations|Legacy Depositors|Research and Development,NULL
22180835,"6,7-Dimethoxy-2-[(2-methylpropan-2-yl)oxycarbonyl]-1-benzofuran-4-carboxylic acid",NULL,322.310,C16H18O7,95.200,456.000,3.000,23,1,7,6,"InChI=1S/C16H18O7/c1-16(2,3)23-15(19)11-6-8-9(14(17)18)7-10(20-4)13(21-5)12(8)22-11/h6-7H,1-5H3,(H,17,18)",CC(C)(C)OC(=O)C1=CC2=C(O1)C(=C(C=C2C(=O)O)OC)OC,OXYSSYUZPCVKMH-UHFFFAOYSA-N,"6,7-dimethoxy-2-[(2-methylpropan-2-yl)oxycarbonyl]-1-benzofuran-4-carboxylic acid",NULL,Patents,1,NULL,20071205,ChemSpider|Google Patents,Legacy Depositors|Research and Development,NULL
22734367,2-Ethoxycarbonyl-7-methoxy-1-benzofuran-4-carboxylic acid,SCHEMBL6839386,264.230,C13H12O6,86.000,355.000,2.400,19,1,6,5,"InChI=1S/C13H12O6/c1-3-18-13(16)10-6-8-7(12(14)15)4-5-9(17-2)11(8)19-10/h4-6H,3H2,1-2H3,(H,14,15)",CCOC(=O)C1=CC2=C(C=CC(=C2O1)OC)C(=O)O,IZVDCYLYKJKXGZ-UHFFFAOYSA-N,2-ethoxycarbonyl-7-methoxy-1-benzofuran-4-carboxylic acid,NULL,Patents,1,NULL,20071205,ChemSpider|Google Patents|IBM|PATENTSCOPE (WIPO)|SureChEMBL,Curation Efforts|Governmental Organizations|Legacy Depositors|Research and Development,NULL
23727652,3-[1-(Methoxycarbonyl)vinyloxy]-4-hydroxybenzoic acid,3-[1-(Methoxycarbonyl)vinyloxy]-4-hydroxybenzoic acid,238.190,C11H10O6,93.100,324.000,2.000,17,2,6,5,"InChI=1S/C11H10O6/c1-6(11(15)16-2)17-9-5-7(10(13)14)3-4-8(9)12/h3-5,12H,1H2,2H3,(H,13,14)",COC(=O)C(=C)OC1=C(C=CC(=C1)C(=O)O)O,NHKOSAMAYMOMMO-UHFFFAOYSA-N,4-hydroxy-3-(3-methoxy-3-oxoprop-1-en-2-yl)oxybenzoic acid,NULL,Classification|Literature|Names and Identifiers,3,NULL,20080211,Cheminformatics Friedrich-Schiller-University Jena|DiscoveryGate|IBM|Japan Chemical Substance Dictionary (Nikkaji)|Thomson Pharma|Wikidata,Curation Efforts|Governmental Organizations|Journal Publishers|Legacy Depositors|Research and Development|Subscription Services,NULL
44383914,"(5R)-5-(1-carboxyethenoxy)-7-oxabicyclo[4.1.0]hepta-1,3-diene-3-carboxylic acid",CHEMBL352371,224.170,C10H8O6,96.400,444.000,0.400,16,2,6,4,"InChI=1S/C10H8O6/c1-4(9(11)12)15-6-2-5(10(13)14)3-7-8(6)16-7/h2-3,6,8H,1H2,(H,11,12)(H,13,14)/t6-,8?/m1/s1",C=C(C(=O)O)O[C@@H]1C=C(C=C2C1O2)C(=O)O,PVKRFHQZGCUVAE-XPJFZRNWSA-N,"(5R)-5-(1-carboxyethenoxy)-7-oxabicyclo[4.1.0]hepta-1,3-diene-3-carboxylic acid",NULL,Biological Test Results,1,52151|161445,20091119,ChEMBL,Curation Efforts|Research and Development,NULL
44715225,"2-[5-[[4-Acetyloxy-5-(2,4-dioxopyrimidin-1-yl)-3-(4-hydroxy-2-methoxy-6-methylbenzoyl)oxyoxolan-2-yl]methoxycarbonyl]-2-hydroxyphenoxy]prop-2-enoic acid","NCGC00347791-02!2-[5-[[4-acetyloxy-5-(2,4-dioxopyrimidin-1-yl)-3-(4-hydroxy-2-methoxy-6-methylbenzoyl)oxyoxolan-2-yl]methoxycarbonyl]-2-hydroxyphenoxy]prop-2-enoic acid",656.500,C30H28N2O15,234.000,1290.000,2.000,47,4,15,14,"InChI=1S/C30H28N2O15/c1-13-9-17(34)11-20(42-4)23(13)29(40)47-24-21(46-26(25(24)45-15(3)33)32-8-7-22(36)31-30(32)41)12-43-28(39)16-5-6-18(35)19(10-16)44-14(2)27(37)38/h5-11,21,24-26,34-35H,2,12H2,1,3-4H3,(H,37,38)(H,31,36,41)",CC1=CC(=CC(=C1C(=O)OC2C(OC(C2OC(=O)C)N3C=CC(=O)NC3=O)COC(=O)C4=CC(=C(C=C4)O)OC(=C)C(=O)O)OC)O,QPTBIDGWTVNLQQ-UHFFFAOYSA-N,"2-[5-[[4-acetyloxy-5-(2,4-dioxopyrimidin-1-yl)-3-(4-hydroxy-2-methoxy-6-methylbenzoyl)oxyoxolan-2-yl]methoxycarbonyl]-2-hydroxyphenoxy]prop-2-enoic acid",NULL,Biological Test Results|Classification,2,1259325,20100314,"Ambinter|Aurora Fine Chemicals LLC|C. David Weaver Laboratory, Vanderbilt University|Chem-Space.com Database|Cheminformatics Friedrich-Schiller-University Jena|MassBank of North America (MoNA)|Mcule|NORMAN Suspect List Exchange|University of Kansas High Throughput Screening Laboratory",Chemical Vendors|Legacy Depositors|Research and Development,NULL
54448451,"(3S,4S)-3-(1-carboxyethenoxy)-4-hydroxycyclohexa-1,5-diene-1-carboxylic acid",SCHEMBL9170906,226.180,C10H10O6,104.000,392.000,0.200,16,3,6,4,"InChI=1S/C10H10O6/c1-5(9(12)13)16-8-4-6(10(14)15)2-3-7(8)11/h2-4,7-8,11H,1H2,(H,12,13)(H,14,15)/t7-,8-/m0/s1",C=C(C(=O)O)O[C@H]1C=C(C=C[C@@H]1O)C(=O)O,WTFXTQVDAKGDEY-YUMQZZPRSA-N,"(3S,4S)-3-(1-carboxyethenoxy)-4-hydroxycyclohexa-1,5-diene-1-carboxylic acid",NULL,Patents,1,NULL,20111204,Cheminformatics Friedrich-Schiller-University Jena|IBM|SureChEMBL,Curation Efforts|Research and Development,NULL
57759058,"(4R)-3-(1-carboxylatoethenoxy)-4-hydroxycyclohexa-1,5-diene-1-carboxylate",NULL,224.170,C10H8O6-2,110.000,381.000,1.500,16,1,6,2,"InChI=1S/C10H10O6/c1-5(9(12)13)16-8-4-6(10(14)15)2-3-7(8)11/h2-4,7-8,11H,1H2,(H,12,13)(H,14,15)/p-2/t7-,8?/m1/s1",C=C(C(=O)[O-])OC1C=C(C=C[C@H]1O)C(=O)[O-],WTFXTQVDAKGDEY-GVHYBUMESA-L,"(4R)-3-(1-carboxylatoethenoxy)-4-hydroxycyclohexa-1,5-diene-1-carboxylate",NULL,Patents,1,NULL,20120819,PATENTSCOPE (WIPO)|SCRIPDB,Governmental Organizations|Legacy Depositors|Research and Development,NULL
57759059,"(4R)-3-(1-carboxyethenoxy)-4-hydroxycyclohexa-1,5-diene-1-carboxylic acid",SCHEMBL13758782,226.180,C10H10O6,104.000,392.000,0.200,16,3,6,4,"InChI=1S/C10H10O6/c1-5(9(12)13)16-8-4-6(10(14)15)2-3-7(8)11/h2-4,7-8,11H,1H2,(H,12,13)(H,14,15)/t7-,8?/m1/s1",C=C(C(=O)O)OC1C=C(C=C[C@H]1O)C(=O)O,WTFXTQVDAKGDEY-GVHYBUMESA-N,"(4R)-3-(1-carboxyethenoxy)-4-hydroxycyclohexa-1,5-diene-1-carboxylic acid",NULL,Patents,1,NULL,20120819,Google Patents|IBM|PATENTSCOPE (WIPO)|SCRIPDB|SureChEMBL,Curation Efforts|Governmental Organizations|Legacy Depositors|Research and Development,NULL
66592521,"Diethyl 3-(bromomethyl)-7-(difluoromethoxy)-1-benzofuran-2,4-dicarboxylate","SCHEMBL72978|diethyl 3-(bromomethyl)-7-(difluoromethoxy)-1-benzofuran-2,4-dicarboxylate",421.190,C16H15BrF2O6,75.000,478.000,4.600,25,0,8,9,"InChI=1S/C16H15BrF2O6/c1-3-22-14(20)8-5-6-10(24-16(18)19)13-11(8)9(7-17)12(25-13)15(21)23-4-2/h5-6,16H,3-4,7H2,1-2H3",CCOC(=O)C1=C2C(=C(OC2=C(C=C1)OC(F)F)C(=O)OCC)CBr,IMNLSIUSAYXPQK-UHFFFAOYSA-N,"diethyl 3-(bromomethyl)-7-(difluoromethoxy)-1-benzofuran-2,4-dicarboxylate",NULL,Classification|Patents,2,NULL,20121130,"ECI Group, LCSB, University of Luxembourg|Google Patents|IBM|PATENTSCOPE (WIPO)|SureChEMBL",Curation Efforts|Governmental Organizations|Research and Development,NULL
66592760,2-Ethoxycarbonyl-7-hydroxy-3-methylbenzo[b]furan-4-carboxylic acid,SCHEMBL73704|2-ethoxycarbonyl-7-hydroxy-3-methylbenzo[b]furan-4-carboxylic acid,264.230,C13H12O6,97.000,368.000,2.400,19,2,6,4,"InChI=1S/C13H12O6/c1-3-18-13(17)10-6(2)9-7(12(15)16)4-5-8(14)11(9)19-10/h4-5,14H,3H2,1-2H3,(H,15,16)",CCOC(=O)C1=C(C2=C(C=CC(=C2O1)O)C(=O)O)C,YSJIQYFAFSUMAR-UHFFFAOYSA-N,2-ethoxycarbonyl-7-hydroxy-3-methyl-1-benzofuran-4-carboxylic acid,NULL,Patents,1,NULL,20121130,Google Patents|IBM|NextMove Software|PATENTSCOPE (WIPO)|SureChEMBL,Curation Efforts|Governmental Organizations|Research and Development,NULL
66593056,2-Ethoxycarbonyl-7-methoxy-3-methylbenzo[b]furan-4-carboxylic acid,2-ethoxycarbonyl-7-methoxy-3-methylbenzo[b]furan-4-carboxylic acid|SCHEMBL75225,278.260,C14H14O6,86.000,382.000,2.700,20,1,6,5,"InChI=1S/C14H14O6/c1-4-19-14(17)11-7(2)10-8(13(15)16)5-6-9(18-3)12(10)20-11/h5-6H,4H2,1-3H3,(H,15,16)",CCOC(=O)C1=C(C2=C(C=CC(=C2O1)OC)C(=O)O)C,PZLSGUCLHNPDKP-UHFFFAOYSA-N,2-ethoxycarbonyl-7-methoxy-3-methyl-1-benzofuran-4-carboxylic acid,NULL,Patents,1,NULL,20121130,"Chemhere|Chemieliva Pharmaceutical Co., Ltd|Google Patents|IBM|NextMove Software|PATENTSCOPE (WIPO)|SureChEMBL",Chemical Vendors|Curation Efforts|Governmental Organizations|Legacy Depositors|Research and Development,NULL
69130678,"2-amino-3-(1H-indol-3-yl)propanoic acid;(3R,4R)-3-(1-carboxyethenoxy)-4-hydroxycyclohexa-1,5-diene-1-carboxylic acid",SCHEMBL4654731,430.400,C21H22N2O8,183.000,637.000,NULL,31,6,9,7,"InChI=1S/C11H12N2O2.C10H10O6/c12-9(11(14)15)5-7-6-13-10-4-2-1-3-8(7)10;1-5(9(12)13)16-8-4-6(10(14)15)2-3-7(8)11/h1-4,6,9,13H,5,12H2,(H,14,15);2-4,7-8,11H,1H2,(H,12,13)(H,14,15)/t;7-,8-/m.1/s1",C=C(C(=O)O)O[C@@H]1C=C(C=C[C@H]1O)C(=O)O.C1=CC=C2C(=C1)C(=CN2)CC(C(=O)O)N,NLQUALRITOXTES-OBQMRBKOSA-N,"2-amino-3-(1H-indol-3-yl)propanoic acid;(3R,4R)-3-(1-carboxyethenoxy)-4-hydroxycyclohexa-1,5-diene-1-carboxylic acid",NULL,Patents,1,NULL,20121130,SureChEMBL,Curation Efforts|Research and Development,NULL
69521930,"2-O-tert-butyl 4-O-methyl 6,7-dimethoxy-1-benzofuran-2,4-dicarboxylate",SCHEMBL5655693,336.300,C17H20O7,84.200,470.000,3.300,24,0,7,7,"InChI=1S/C17H20O7/c1-17(2,3)24-16(19)12-7-9-10(15(18)22-6)8-11(20-4)14(21-5)13(9)23-12/h7-8H,1-6H3",CC(C)(C)OC(=O)C1=CC2=C(O1)C(=C(C=C2C(=O)OC)OC)OC,UFQMPMLEGWPPEI-UHFFFAOYSA-N,"2-O-tert-butyl 4-O-methyl 6,7-dimethoxy-1-benzofuran-2,4-dicarboxylate",NULL,Patents,1,NULL,20121201,Google Patents|IBM|PATENTSCOPE (WIPO)|SureChEMBL,Curation Efforts|Governmental Organizations|Research and Development,NULL
69526321,"6,7-Dimethoxy-4-methoxycarbonyl-1-benzofuran-2-carboxylic acid",SCHEMBL5669321,280.230,C13H12O7,95.200,383.000,2.000,20,1,7,5,"InChI=1S/C13H12O7/c1-17-8-5-7(13(16)19-3)6-4-9(12(14)15)20-10(6)11(8)18-2/h4-5H,1-3H3,(H,14,15)",COC1=C(C2=C(C=C(O2)C(=O)O)C(=C1)C(=O)OC)OC,IEFUQBKIAHNBAY-UHFFFAOYSA-N,"6,7-dimethoxy-4-methoxycarbonyl-1-benzofuran-2-carboxylic acid",NULL,Patents,1,NULL,20121201,Google Patents|PATENTSCOPE (WIPO)|SureChEMBL,Curation Efforts|Governmental Organizations|Research and Development,NULL
70196376,"(3R,4R)-3-(1-carboxyethenoxy)-4-hydroxycyclohexa-1,5-diene-1-carboxylic acid;2-[(4-iodophenyl)carbamoyl]benzoic acid;4-oxo-1-phenylpyridine-2,6-dicarboxylic acid",SCHEMBL7814881,852.500,C37H29IN2O14,265.000,1180.000,NULL,54,7,15,10,"InChI=1S/C14H10INO3.C13H9NO5.C10H10O6/c15-9-5-7-10(8-6-9)16-13(17)11-3-1-2-4-12(11)14(18)19;15-9-6-10(12(16)17)14(11(7-9)13(18)19)8-4-2-1-3-5-8;1-5(9(12)13)16-8-4-6(10(14)15)2-3-7(8)11/h1-8H,(H,16,17)(H,18,19);1-7H,(H,16,17)(H,18,19);2-4,7-8,11H,1H2,(H,12,13)(H,14,15)/t;;7-,8-/m..1/s1",C=C(C(=O)O)O[C@@H]1C=C(C=C[C@H]1O)C(=O)O.C1=CC=C(C=C1)N2C(=CC(=O)C=C2C(=O)O)C(=O)O.C1=CC=C(C(=C1)C(=O)NC2=CC=C(C=C2)I)C(=O)O,DDLHZZPOUNFIAZ-HQDFNITPSA-N,"(3R,4R)-3-(1-carboxyethenoxy)-4-hydroxycyclohexa-1,5-diene-1-carboxylic acid;2-[(4-iodophenyl)carbamoyl]benzoic acid;4-oxo-1-phenylpyridine-2,6-dicarboxylic acid",NULL,Patents,1,NULL,20121201,SureChEMBL,Curation Efforts|Research and Development,NULL
70657798,"(3R)-3-(1-carboxyethenoxy)-4-hydroxycyclohexa-1,5-diene-1-carboxylic acid",SCHEMBL12085045,226.180,C10H10O6,104.000,392.000,0.200,16,3,6,4,"InChI=1S/C10H10O6/c1-5(9(12)13)16-8-4-6(10(14)15)2-3-7(8)11/h2-4,7-8,11H,1H2,(H,12,13)(H,14,15)/t7?,8-/m1/s1",C=C(C(=O)O)O[C@@H]1C=C(C=CC1O)C(=O)O,WTFXTQVDAKGDEY-BRFYHDHCSA-N,"(3R)-3-(1-carboxyethenoxy)-4-hydroxycyclohexa-1,5-diene-1-carboxylic acid",NULL,Patents,1,NULL,20121201,SureChEMBL,Curation Efforts|Research and Development,NULL
71588716,"3-(1-Carboxyvinyloxy)-4,5-dihydroxybenzoic acid","3-(1-carboxyvinyloxy)-4,5-dihydroxy-benzoic acid|3-(1-Carboxyvinyloxy)-4,5-dihydroxybenzoic acid",240.170,C10H8O7,124.000,338.000,0.900,17,4,7,4,"InChI=1S/C10H8O7/c1-4(9(13)14)17-7-3-5(10(15)16)2-6(11)8(7)12/h2-3,11-12H,1H2,(H,13,14)(H,15,16)",C=C(C(=O)O)OC1=CC(=CC(=C1O)O)C(=O)O,HVEMGVKNJKVVHY-UHFFFAOYSA-N,"3-(1-carboxyethenoxy)-4,5-dihydroxybenzoic acid",NULL,NULL,0,NULL,20130709,NIAID ChemDB,Curation Efforts|Governmental Organizations|Research and Development,NULL
71588740,3-(1-Carboxyprop-1-enyloxy)-4-hydroxybenzoic acid,3-(1-Carboxyprop-1-enyloxy)-4-hydroxybenzoic acid|3-[(E)-1-carboxyprop-1-enoxy]-4-hydroxy-benzoic acid,238.190,C11H10O6,104.000,335.000,1.900,17,3,6,4,"InChI=1S/C11H10O6/c1-2-8(11(15)16)17-9-5-6(10(13)14)3-4-7(9)12/h2-5,12H,1H3,(H,13,14)(H,15,16)/b8-2+",C/C=C(\C(=O)O)/OC1=C(C=CC(=C1)C(=O)O)O,DTTLVZZAODYPBT-KRXBUXKQSA-N,3-[(E)-1-carboxyprop-1-enoxy]-4-hydroxybenzoic acid,NULL,NULL,0,NULL,20130709,NIAID ChemDB,Curation Efforts|Governmental Organizations|Research and Development,NULL
71588750,3-(1-Carboxy-3-methylbut-1-enyloxy)-4-hydroxybenzoic acid,3-(1-Carboxy-3-methylbut-1-enyloxy)-4-hydroxybenzoic acid|3-[(E)-1-carboxy-3-methyl-but-1-enoxy]-4-hydroxy-benzoic acid,266.250,C13H14O6,104.000,373.000,2.600,19,3,6,5,"InChI=1S/C13H14O6/c1-7(2)5-11(13(17)18)19-10-6-8(12(15)16)3-4-9(10)14/h3-7,14H,1-2H3,(H,15,16)(H,17,18)/b11-5+",CC(C)/C=C(\C(=O)O)/OC1=C(C=CC(=C1)C(=O)O)O,AOKNEERCAGIKSJ-VZUCSPMQSA-N,3-[(E)-1-carboxy-3-methylbut-1-enoxy]-4-hydroxybenzoic acid,NULL,NULL,0,NULL,20130709,NIAID ChemDB,Curation Efforts|Governmental Organizations|Research and Development,NULL
71588751,3-(1-Carboxy-2-phenylvinyloxy)-4-hydroxybenzoic acid,3-(1-Carboxy-2-phenylvinyloxy)-4-hydroxybenzoic acid|3-[(E)-1-carboxy-2-phenyl-vinyloxy]-4-hydroxy-benzoic acid,300.260,C16H12O6,104.000,438.000,2.800,22,3,6,5,"InChI=1S/C16H12O6/c17-12-7-6-11(15(18)19)9-13(12)22-14(16(20)21)8-10-4-2-1-3-5-10/h1-9,17H,(H,18,19)(H,20,21)/b14-8+",C1=CC=C(C=C1)/C=C(\C(=O)O)/OC2=C(C=CC(=C2)C(=O)O)O,ZHINPECSCJDEGN-RIYZIHGNSA-N,3-[(E)-1-carboxy-2-phenylethenoxy]-4-hydroxybenzoic acid,NULL,NULL,0,NULL,20130709,NIAID ChemDB,Curation Efforts|Governmental Organizations|Research and Development,NULL
87065209,"Diethyl 7-(difluoromethoxy)-3-formyl-1-benzofuran-2,4-dicarboxylate","SCHEMBL89654|Diethyl 7-(difluoromethoxy)-3-formyl-1-benzofuran-2,4-dicarboxylate",356.270,C16H14F2O7,92.000,499.000,3.500,25,0,9,9,"InChI=1S/C16H14F2O7/c1-3-22-14(20)8-5-6-10(24-16(17)18)13-11(8)9(7-19)12(25-13)15(21)23-4-2/h5-7,16H,3-4H2,1-2H3",CCOC(=O)C1=C2C(=C(OC2=C(C=C1)OC(F)F)C(=O)OCC)C=O,XHVRJECSWOEJBL-UHFFFAOYSA-N,"diethyl 7-(difluoromethoxy)-3-formyl-1-benzofuran-2,4-dicarboxylate",NULL,Classification|Patents,2,NULL,20150212,"ECI Group, LCSB, University of Luxembourg|PATENTSCOPE (WIPO)|SureChEMBL",Curation Efforts|Governmental Organizations|Research and Development,NULL
88501865,"(3R,4R)-3-(1-carboxyethenoxy)-4-hydroxycyclohexa-1,5-diene-1-carboxylic acid;(3S,8S,9S,10R,13R,14S,17R)-10,13-dimethyl-17-[(2R)-6-methylheptan-2-yl]-2,3,4,7,8,9,11,12,14,15,16,17-dodecahydro-1H-cyclopenta[a]phenanthren-3-ol;(4R)-4-[(3R,5S,7R,8R,9S,10S,12S,13R,14S,17R)-3,7,12-trihydroxy-10,13-dimethyl-2,3,4,5,6,7,8,9,11,12,14,15,16,17-tetradecahydro-1H-cyclopenta[a]phenanthren-17-yl]pentanoic acid",SCHEMBL9698773,1021.400,C61H96O12,222.000,1620.000,NULL,73,8,12,13,"InChI=1S/C27H46O.C24H40O5.C10H10O6/c1-18(2)7-6-8-19(3)23-11-12-24-22-10-9-20-17-21(28)13-15-26(20,4)25(22)14-16-27(23,24)5;1-13(4-7-21(28)29)16-5-6-17-22-18(12-20(27)24(16,17)3)23(2)9-8-15(25)10-14(23)11-19(22)26;1-5(9(12)13)16-8-4-6(10(14)15)2-3-7(8)11/h9,18-19,21-25,28H,6-8,10-17H2,1-5H3;13-20,22,25-27H,4-12H2,1-3H3,(H,28,29);2-4,7-8,11H,1H2,(H,12,13)(H,14,15)/t19-,21+,22+,23-,24+,25+,26+,27-;13-,14+,15-,16-,17+,18+,19-,20+,22+,23+,24-;7-,8-/m111/s1",C[C@H](CCCC(C)C)[C@H]1CC[C@@H]2[C@@]1(CC[C@H]3[C@H]2CC=C4[C@@]3(CC[C@@H](C4)O)C)C.C[C@H](CCC(=O)O)[C@H]1CC[C@@H]2[C@@]1([C@H](C[C@H]3[C@H]2[C@@H](C[C@H]4[C@@]3(CC[C@H](C4)O)C)O)O)C.C=C(C(=O)O)O[C@@H]1C=C(C=C[C@H]1O)C(=O)O,RFEQJPRNSORGDL-NSZQUVHDSA-N,"(3R,4R)-3-(1-carboxyethenoxy)-4-hydroxycyclohexa-1,5-diene-1-carboxylic acid;(3S,8S,9S,10R,13R,14S,17R)-10,13-dimethyl-17-[(2R)-6-methylheptan-2-yl]-2,3,4,7,8,9,11,12,14,15,16,17-dodecahydro-1H-cyclopenta[a]phenanthren-3-ol;(4R)-4-[(3R,5S,7R,8R,9S,10S,12S,13R,14S,17R)-3,7,12-trihydroxy-10,13-dimethyl-2,3,4,5,6,7,8,9,11,12,14,15,16,17-tetradecahydro-1H-cyclopenta[a]phenanthren-17-yl]pentanoic acid",NULL,Patents,1,NULL,20150213,SureChEMBL,Curation Efforts|Research and Development,NULL
89197328,"3-(3-Ethoxy-3-oxoprop-1-en-2-yl)oxy-4-hydroxycyclohexa-1,5-diene-1-carboxylic acid",SCHEMBL13895270,254.240,C12H14O6,93.100,420.000,0.900,18,2,6,6,"InChI=1S/C12H14O6/c1-3-17-12(16)7(2)18-10-6-8(11(14)15)4-5-9(10)13/h4-6,9-10,13H,2-3H2,1H3,(H,14,15)",CCOC(=O)C(=C)OC1C=C(C=CC1O)C(=O)O,WGYDOHUNUCKXJC-UHFFFAOYSA-N,"3-(3-ethoxy-3-oxoprop-1-en-2-yl)oxy-4-hydroxycyclohexa-1,5-diene-1-carboxylic acid",NULL,Patents,1,NULL,20150213,SureChEMBL,Curation Efforts|Research and Development,NULL
89617729,"2-O-ethyl 4-O-methyl 3-formyl-7-methoxy-1-benzofuran-2,4-dicarboxylate",SCHEMBL15016072,306.270,C15H14O7,92.000,436.000,2.200,22,0,7,7,"InChI=1S/C15H14O7/c1-4-21-15(18)12-9(7-16)11-8(14(17)20-3)5-6-10(19-2)13(11)22-12/h5-7H,4H2,1-3H3",CCOC(=O)C1=C(C2=C(C=CC(=C2O1)OC)C(=O)OC)C=O,RNBWQUUCGPVUII-UHFFFAOYSA-N,"2-O-ethyl 4-O-methyl 3-formyl-7-methoxy-1-benzofuran-2,4-dicarboxylate",NULL,Patents,1,NULL,20150213,Google Patents|PATENTSCOPE (WIPO)|SureChEMBL,Curation Efforts|Governmental Organizations|Research and Development,NULL
89617735,"7-(Difluoromethoxy)-3-formyl-1-benzofuran-2,4-dicarboxylic acid",SCHEMBL15016077,300.170,C12H6F2O7,114.000,441.000,2.100,21,2,9,5,"InChI=1S/C12H6F2O7/c13-12(14)20-6-2-1-4(10(16)17)7-5(3-15)8(11(18)19)21-9(6)7/h1-3,12H,(H,16,17)(H,18,19)",C1=CC(=C2C(=C1C(=O)O)C(=C(O2)C(=O)O)C=O)OC(F)F,QIIQDBLPAXLVLT-UHFFFAOYSA-N,"7-(difluoromethoxy)-3-formyl-1-benzofuran-2,4-dicarboxylic acid",NULL,Classification|Patents,2,NULL,20150213,SureChEMBL,Curation Efforts|Research and Development,NULL
89617772,"3-(Bromomethyl)-7-(difluoromethoxy)-1-benzofuran-2,4-dicarboxylic acid",SCHEMBL15016128,365.080,C12H7BrF2O6,97.000,421.000,3.200,21,2,8,5,"InChI=1S/C12H7BrF2O6/c13-3-5-7-4(10(16)17)1-2-6(20-12(14)15)9(7)21-8(5)11(18)19/h1-2,12H,3H2,(H,16,17)(H,18,19)",C1=CC(=C2C(=C1C(=O)O)C(=C(O2)C(=O)O)CBr)OC(F)F,QWDSCXQGOSIOPE-UHFFFAOYSA-N,"3-(bromomethyl)-7-(difluoromethoxy)-1-benzofuran-2,4-dicarboxylic acid",NULL,Classification|Patents,2,NULL,20150213,SureChEMBL,Curation Efforts|Research and Development,NULL
90145918,"2-(3-Ethoxycarbonyl-6-hydroxycyclohexa-2,4-dien-1-yl)oxyprop-2-enoic acid",SCHEMBL15703152,254.240,C12H14O6,93.100,420.000,0.900,18,2,6,6,"InChI=1S/C12H14O6/c1-3-17-12(16)8-4-5-9(13)10(6-8)18-7(2)11(14)15/h4-6,9-10,13H,2-3H2,1H3,(H,14,15)",CCOC(=O)C1=CC(C(C=C1)O)OC(=C)C(=O)O,DMYZHXVYWMQQGQ-UHFFFAOYSA-N,"2-(3-ethoxycarbonyl-6-hydroxycyclohexa-2,4-dien-1-yl)oxyprop-2-enoic acid",NULL,Patents,1,NULL,20150213,SureChEMBL,Curation Efforts|Research and Development,NULL
90473446,Chorismic acid barium salt,"Chorismic acid barium salt|55508-12-8|barium(2+);(3R,4R)-3-(1-carboxylatoethenoxy)-4-hydroxycyclohexa-1,5-diene-1-carboxylate|trans-3-([1-Carboxyethenyl]oxy)-4-hydroxy-1,5-cyclohexadiene-1-carboxylic acid|barium (3R,4R)-3-(1-carboxylatovinyloxy)-4-hydroxycyclohexa-1,5-dienecarboxylate",361.490,C10H8BaO6,110.000,398.000,NULL,17,1,6,0,"InChI=1S/C10H10O6.Ba/c1-5(9(12)13)16-8-4-6(10(14)15)2-3-7(8)11;/h2-4,7-8,11H,1H2,(H,12,13)(H,14,15);/q;+2/p-2/t7-,8-;/m1./s1",C=C(C(=O)[O-])O[C@@H]1C=C(C=C[C@H]1O)C(=O)[O-].[Ba+2],JZEDEBJYKXCJNO-SCLLHFNJSA-L,"barium(2+);(3R,4R)-3-(1-carboxylatoethenoxy)-4-hydroxycyclohexa-1,5-diene-1-carboxylate",NULL,Classification|Names and Identifiers|Safety and Hazards,3,NULL,20150216,"3B Scientific (Wuhan) Corp|AHH Chemical co.,ltd|Alfa Chemistry|BenchChem|BOC Sciences|ChemMol|CymitQuimica|Santa Cruz Biotechnology, Inc.|Smolecule",Chemical Vendors|Legacy Depositors,NULL
90814504,"2-O-ethyl 4-O-methyl 7-methoxy-3-methyl-1-benzofuran-2,4-dicarboxylate",NULL,292.280,C15H16O6,75.000,396.000,3.100,21,0,6,6,"InChI=1S/C15H16O6/c1-5-20-15(17)12-8(2)11-9(14(16)19-4)6-7-10(18-3)13(11)21-12/h6-7H,5H2,1-4H3",CCOC(=O)C1=C(C2=C(C=CC(=C2O1)OC)C(=O)OC)C,PHTCFJFROWGMFD-UHFFFAOYSA-N,"2-O-ethyl 4-O-methyl 7-methoxy-3-methyl-1-benzofuran-2,4-dicarboxylate",NULL,Patents,1,NULL,20150316,IBM,Research and Development,NULL
91046666,"Diethyl 7-hydroxy-3-methyl-1-benzofuran-2,4-dicarboxylate",NULL,292.280,C15H16O6,86.000,396.000,3.100,21,1,6,6,"InChI=1S/C15H16O6/c1-4-19-14(17)9-6-7-10(16)13-11(9)8(3)12(21-13)15(18)20-5-2/h6-7,16H,4-5H2,1-3H3",CCOC(=O)C1=C2C(=C(OC2=C(C=C1)O)C(=O)OCC)C,XBFZDROLQPEBPC-UHFFFAOYSA-N,"diethyl 7-hydroxy-3-methyl-1-benzofuran-2,4-dicarboxylate",NULL,Patents,1,NULL,20150317,IBM,Research and Development,NULL
91224496,"2-O-ethyl 4-O-methyl 3-(bromomethyl)-7-methoxy-1-benzofuran-2,4-dicarboxylate",NULL,371.180,C15H15BrO6,75.000,415.000,3.300,22,0,6,7,"InChI=1S/C15H15BrO6/c1-4-21-15(18)12-9(7-16)11-8(14(17)20-3)5-6-10(19-2)13(11)22-12/h5-6H,4,7H2,1-3H3",CCOC(=O)C1=C(C2=C(C=CC(=C2O1)OC)C(=O)OC)CBr,DEZREZKYESTFFC-UHFFFAOYSA-N,"2-O-ethyl 4-O-methyl 3-(bromomethyl)-7-methoxy-1-benzofuran-2,4-dicarboxylate",NULL,Patents,1,NULL,20150317,IBM,Research and Development,NULL
91489114,"Diethyl 7-(difluoromethoxy)-3-methyl-1-benzofuran-2,4-dicarboxylate",NULL,342.290,C16H16F2O6,75.000,458.000,4.400,24,0,8,8,"InChI=1S/C16H16F2O6/c1-4-21-14(19)9-6-7-10(23-16(17)18)13-11(9)8(3)12(24-13)15(20)22-5-2/h6-7,16H,4-5H2,1-3H3",CCOC(=O)C1=C2C(=C(OC2=C(C=C1)OC(F)F)C(=O)OCC)C,ZCBLQYCCOOUFJU-UHFFFAOYSA-N,"diethyl 7-(difluoromethoxy)-3-methyl-1-benzofuran-2,4-dicarboxylate",NULL,Classification|Patents,2,NULL,20150317,IBM,Research and Development,NULL
95223250,"2-[5-[[(2S,3R,4R,5S)-4-acetyloxy-5-(2,4-dioxopyrimidin-1-yl)-3-(4-hydroxy-2-methoxy-6-methylbenzoyl)oxyoxolan-2-yl]methoxycarbonyl]-2-hydroxyphenoxy]prop-2-enoic acid",ZINC67903640,656.500,C30H28N2O15,234.000,1290.000,2.000,47,4,15,14,"InChI=1S/C30H28N2O15/c1-13-9-17(34)11-20(42-4)23(13)29(40)47-24-21(46-26(25(24)45-15(3)33)32-8-7-22(36)31-30(32)41)12-43-28(39)16-5-6-18(35)19(10-16)44-14(2)27(37)38/h5-11,21,24-26,34-35H,2,12H2,1,3-4H3,(H,37,38)(H,31,36,41)/t21-,24+,25+,26-/m0/s1",CC1=CC(=CC(=C1C(=O)O[C@@H]2[C@@H](O[C@@H]([C@@H]2OC(=O)C)N3C=CC(=O)NC3=O)COC(=O)C4=CC(=C(C=C4)O)OC(=C)C(=O)O)OC)O,QPTBIDGWTVNLQQ-WSZJRCBQSA-N,"2-[5-[[(2S,3R,4R,5S)-4-acetyloxy-5-(2,4-dioxopyrimidin-1-yl)-3-(4-hydroxy-2-methoxy-6-methylbenzoyl)oxyoxolan-2-yl]methoxycarbonyl]-2-hydroxyphenoxy]prop-2-enoic acid",NULL,NULL,0,NULL,20151211,Cheminformatics Friedrich-Schiller-University Jena|ZINC,Chemical Vendors|Research and Development,NULL
95223251,"2-[5-[[(2S,3S,4R,5S)-4-acetyloxy-5-(2,4-dioxopyrimidin-1-yl)-3-(4-hydroxy-2-methoxy-6-methylbenzoyl)oxyoxolan-2-yl]methoxycarbonyl]-2-hydroxyphenoxy]prop-2-enoic acid",ZINC67903643,656.500,C30H28N2O15,234.000,1290.000,2.000,47,4,15,14,"InChI=1S/C30H28N2O15/c1-13-9-17(34)11-20(42-4)23(13)29(40)47-24-21(46-26(25(24)45-15(3)33)32-8-7-22(36)31-30(32)41)12-43-28(39)16-5-6-18(35)19(10-16)44-14(2)27(37)38/h5-11,21,24-26,34-35H,2,12H2,1,3-4H3,(H,37,38)(H,31,36,41)/t21-,24-,25+,26-/m0/s1",CC1=CC(=CC(=C1C(=O)O[C@H]2[C@@H](O[C@@H]([C@@H]2OC(=O)C)N3C=CC(=O)NC3=O)COC(=O)C4=CC(=C(C=C4)O)OC(=C)C(=O)O)OC)O,QPTBIDGWTVNLQQ-MRLUPLGUSA-N,"2-[5-[[(2S,3S,4R,5S)-4-acetyloxy-5-(2,4-dioxopyrimidin-1-yl)-3-(4-hydroxy-2-methoxy-6-methylbenzoyl)oxyoxolan-2-yl]methoxycarbonyl]-2-hydroxyphenoxy]prop-2-enoic acid",NULL,NULL,0,NULL,20151211,Cheminformatics Friedrich-Schiller-University Jena|ZINC,Chemical Vendors|Research and Development,NULL
95223252,"2-[5-[[(2R,3R,4R,5S)-4-acetyloxy-5-(2,4-dioxopyrimidin-1-yl)-3-(4-hydroxy-2-methoxy-6-methylbenzoyl)oxyoxolan-2-yl]methoxycarbonyl]-2-hydroxyphenoxy]prop-2-enoic acid",ZINC67903646,656.500,C30H28N2O15,234.000,1290.000,2.000,47,4,15,14,"InChI=1S/C30H28N2O15/c1-13-9-17(34)11-20(42-4)23(13)29(40)47-24-21(46-26(25(24)45-15(3)33)32-8-7-22(36)31-30(32)41)12-43-28(39)16-5-6-18(35)19(10-16)44-14(2)27(37)38/h5-11,21,24-26,34-35H,2,12H2,1,3-4H3,(H,37,38)(H,31,36,41)/t21-,24-,25-,26+/m1/s1",CC1=CC(=CC(=C1C(=O)O[C@@H]2[C@H](O[C@@H]([C@@H]2OC(=O)C)N3C=CC(=O)NC3=O)COC(=O)C4=CC(=C(C=C4)O)OC(=C)C(=O)O)OC)O,QPTBIDGWTVNLQQ-MYCYEZBNSA-N,"2-[5-[[(2R,3R,4R,5S)-4-acetyloxy-5-(2,4-dioxopyrimidin-1-yl)-3-(4-hydroxy-2-methoxy-6-methylbenzoyl)oxyoxolan-2-yl]methoxycarbonyl]-2-hydroxyphenoxy]prop-2-enoic acid",NULL,NULL,0,NULL,20151211,Cheminformatics Friedrich-Schiller-University Jena|ZINC,Chemical Vendors|Research and Development,NULL
95223253,"2-[5-[[(2R,3S,4R,5S)-4-acetyloxy-5-(2,4-dioxopyrimidin-1-yl)-3-(4-hydroxy-2-methoxy-6-methylbenzoyl)oxyoxolan-2-yl]methoxycarbonyl]-2-hydroxyphenoxy]prop-2-enoic acid",ZINC67903648,656.500,C30H28N2O15,234.000,1290.000,2.000,47,4,15,14,"InChI=1S/C30H28N2O15/c1-13-9-17(34)11-20(42-4)23(13)29(40)47-24-21(46-26(25(24)45-15(3)33)32-8-7-22(36)31-30(32)41)12-43-28(39)16-5-6-18(35)19(10-16)44-14(2)27(37)38/h5-11,21,24-26,34-35H,2,12H2,1,3-4H3,(H,37,38)(H,31,36,41)/t21-,24+,25-,26+/m1/s1",CC1=CC(=CC(=C1C(=O)O[C@H]2[C@H](O[C@@H]([C@@H]2OC(=O)C)N3C=CC(=O)NC3=O)COC(=O)C4=CC(=C(C=C4)O)OC(=C)C(=O)O)OC)O,QPTBIDGWTVNLQQ-DMKHAHDWSA-N,"2-[5-[[(2R,3S,4R,5S)-4-acetyloxy-5-(2,4-dioxopyrimidin-1-yl)-3-(4-hydroxy-2-methoxy-6-methylbenzoyl)oxyoxolan-2-yl]methoxycarbonyl]-2-hydroxyphenoxy]prop-2-enoic acid",NULL,NULL,0,NULL,20151211,Cheminformatics Friedrich-Schiller-University Jena|ZINC,Chemical Vendors|Research and Development,NULL
100853679,"2-[5-[[(2S,3R,4S,5S)-4-acetyloxy-5-(2,4-dioxopyrimidin-1-yl)-3-(4-hydroxy-2-methoxy-6-methylbenzoyl)oxyoxolan-2-yl]methoxycarbonyl]-2-hydroxyphenoxy]prop-2-enoic acid",ZINC229762630,656.500,C30H28N2O15,234.000,1290.000,2.000,47,4,15,14,"InChI=1S/C30H28N2O15/c1-13-9-17(34)11-20(42-4)23(13)29(40)47-24-21(46-26(25(24)45-15(3)33)32-8-7-22(36)31-30(32)41)12-43-28(39)16-5-6-18(35)19(10-16)44-14(2)27(37)38/h5-11,21,24-26,34-35H,2,12H2,1,3-4H3,(H,37,38)(H,31,36,41)/t21-,24+,25-,26-/m0/s1",CC1=CC(=CC(=C1C(=O)O[C@@H]2[C@@H](O[C@@H]([C@H]2OC(=O)C)N3C=CC(=O)NC3=O)COC(=O)C4=CC(=C(C=C4)O)OC(=C)C(=O)O)OC)O,QPTBIDGWTVNLQQ-QUKDMSEQSA-N,"2-[5-[[(2S,3R,4S,5S)-4-acetyloxy-5-(2,4-dioxopyrimidin-1-yl)-3-(4-hydroxy-2-methoxy-6-methylbenzoyl)oxyoxolan-2-yl]methoxycarbonyl]-2-hydroxyphenoxy]prop-2-enoic acid",NULL,NULL,0,NULL,20151211,Cheminformatics Friedrich-Schiller-University Jena|ZINC,Chemical Vendors|Research and Development,NULL
101035447,CID 101035447,NULL,226.170,C10H10O6,104.000,392.000,0.200,16,3,6,4,"InChI=1S/C10H10O6/c1-5(9(12)13)16-8-4-6(10(14)15)2-3-7(8)11/h2-4,7-8,11H,1H2,(H,12,13)(H,14,15)/t7-,8-/m1/s1/i10+0",C=C(C(=O)O)O[C@@H]1C=C(C=C[C@H]1O)[12C](=O)O,WTFXTQVDAKGDEY-DKBFZVKOSA-N,"(3R,4R)-3-(1-carboxyethenoxy)-4-hydroxycyclohexa-1,5-diene-1-carboxylic acid",NULL,NULL,0,NULL,20151215,Japan Chemical Substance Dictionary (Nikkaji),Governmental Organizations,NULL
101072171,Barium chorismate,Barium chorismate,361.490,C10H8BaO6,110.000,381.000,NULL,17,1,6,2,"InChI=1S/C10H10O6.Ba/c1-5(9(12)13)16-8-4-6(10(14)15)2-3-7(8)11;/h2-4,7-8,11H,1H2,(H,12,13)(H,14,15);/q;+2/p-2/t7-,8-;/m1./s1",C=C(C(=O)[O-])O[C@@H]1C=C(C=C[C@H]1O)C(=O)[O-].[Ba+2],JZEDEBJYKXCJNO-SCLLHFNJSA-L,"barium(2+);(3R,4R)-3-(1-carboxylatoethenoxy)-4-hydroxycyclohexa-1,5-diene-1-carboxylate",NULL,Patents,1,NULL,20151217,Japan Chemical Substance Dictionary (Nikkaji)|NextMove Software,Curation Efforts|Governmental Organizations|Research and Development,NULL
101931542,"(3S)-2-Fluoro-3beta-(1-carboxyethenyloxy)-4alpha-hydroxy-1,5-cyclohexadiene-1-carboxylic acid","(3S)-2-Fluoro-3beta-(1-carboxyethenyloxy)-4alpha-hydroxy-1,5-cyclohexadiene-1-carboxylic acid",244.170,C10H9FO6,104.000,436.000,0.000,17,3,7,4,"InChI=1S/C10H9FO6/c1-4(9(13)14)17-8-6(12)3-2-5(7(8)11)10(15)16/h2-3,6,8,12H,1H2,(H,13,14)(H,15,16)/t6-,8+/m1/s1",C=C(C(=O)O)O[C@H]1[C@@H](C=CC(=C1F)C(=O)O)O,DWWXPSZNGCBLEK-SVRRBLITSA-N,"(3S,4R)-3-(1-carboxyethenoxy)-2-fluoro-4-hydroxycyclohexa-1,5-diene-1-carboxylic acid",NULL,Classification,1,NULL,20151218,Japan Chemical Substance Dictionary (Nikkaji),Governmental Organizations,NULL
118797439,"Barium(2+);3-(1-carboxylatoethenoxy)-4-hydroxycyclohexa-1,5-diene-1-carboxylate",NULL,361.490,C10H8BaO6,110.000,381.000,NULL,17,1,6,2,"InChI=1S/C10H10O6.Ba/c1-5(9(12)13)16-8-4-6(10(14)15)2-3-7(8)11;/h2-4,7-8,11H,1H2,(H,12,13)(H,14,15);/q;+2/p-2",C=C(C(=O)[O-])OC1C=C(C=CC1O)C(=O)[O-].[Ba+2],JZEDEBJYKXCJNO-UHFFFAOYSA-L,"barium(2+);3-(1-carboxylatoethenoxy)-4-hydroxycyclohexa-1,5-diene-1-carboxylate",NULL,NULL,0,NULL,20160325,Biocore,Chemical Vendors|Legacy Depositors,NULL
124899975,"2-[5-[[(2S,3S,4S,5S)-4-acetyloxy-5-(2,4-dioxopyrimidin-1-yl)-3-(4-hydroxy-2-methoxy-6-methylbenzoyl)oxyoxolan-2-yl]methoxycarbonyl]-2-hydroxyphenoxy]prop-2-enoic acid",ZINC253500900,656.500,C30H28N2O15,234.000,1290.000,2.000,47,4,15,14,"InChI=1S/C30H28N2O15/c1-13-9-17(34)11-20(42-4)23(13)29(40)47-24-21(46-26(25(24)45-15(3)33)32-8-7-22(36)31-30(32)41)12-43-28(39)16-5-6-18(35)19(10-16)44-14(2)27(37)38/h5-11,21,24-26,34-35H,2,12H2,1,3-4H3,(H,37,38)(H,31,36,41)/t21-,24-,25-,26-/m0/s1",CC1=CC(=CC(=C1C(=O)O[C@H]2[C@@H](O[C@@H]([C@H]2OC(=O)C)N3C=CC(=O)NC3=O)COC(=O)C4=CC(=C(C=C4)O)OC(=C)C(=O)O)OC)O,QPTBIDGWTVNLQQ-PZYJALBSSA-N,"2-[5-[[(2S,3S,4S,5S)-4-acetyloxy-5-(2,4-dioxopyrimidin-1-yl)-3-(4-hydroxy-2-methoxy-6-methylbenzoyl)oxyoxolan-2-yl]methoxycarbonyl]-2-hydroxyphenoxy]prop-2-enoic acid",NULL,NULL,0,NULL,20170410,Cheminformatics Friedrich-Schiller-University Jena|ZINC,Chemical Vendors|Research and Development,NULL
142110891,"(3R,4R)-3-(1-carboxy-2,2-difluoroethenoxy)-4-hydroxycyclohexa-1,5-diene-1-carboxylic acid","(3R,4R)-3-(1-carboxy-2,2-difluoroethenoxy)-4-hydroxycyclohexa-1,5-diene-1-carboxylic acid",262.160,C10H8F2O6,104.000,461.000,0.300,18,3,8,4,"InChI=1S/C10H8F2O6/c11-8(12)7(10(16)17)18-6-3-4(9(14)15)1-2-5(6)13/h1-3,5-6,13H,(H,14,15)(H,16,17)/t5-,6-/m1/s1",C1=CC(=C[C@H]([C@@H]1O)OC(=C(F)F)C(=O)O)C(=O)O,WQGAPVYOBKMRDP-PHDIDXHHSA-N,"(3R,4R)-3-(1-carboxy-2,2-difluoroethenoxy)-4-hydroxycyclohexa-1,5-diene-1-carboxylic acid",NULL,Classification|Patents,2,NULL,20191206,"ECI Group, LCSB, University of Luxembourg|PATENTSCOPE (WIPO)",Governmental Organizations|Research and Development,NULL
157052191,2-Ethoxycarbonyl-7-methoxy-1-benzofuran-4-carboxylic acid;ethyl 4-formyl-7-methoxy-1-benzofuran-2-carboxylate,NULL,512.500,C26H24O11,152.000,672.000,NULL,37,1,11,10,"InChI=1S/C13H12O6.C13H12O5/c1-3-18-13(16)10-6-8-7(12(14)15)4-5-9(17-2)11(8)19-10;1-3-17-13(15)11-6-9-8(7-14)4-5-10(16-2)12(9)18-11/h4-6H,3H2,1-2H3,(H,14,15);4-7H,3H2,1-2H3",CCOC(=O)C1=CC2=C(C=CC(=C2O1)OC)C=O.CCOC(=O)C1=CC2=C(C=CC(=C2O1)OC)C(=O)O,AAILSIJCGDZFDC-UHFFFAOYSA-N,2-ethoxycarbonyl-7-methoxy-1-benzofuran-4-carboxylic acid;ethyl 4-formyl-7-methoxy-1-benzofuran-2-carboxylate,NULL,Patents,1,NULL,20211203,Google Patents,Research and Development,NULL
157109900,"4-aminobenzoic acid;(4R)-3-(1-carboxylatoethenoxy)-4-hydroxycyclohexa-1,5-diene-1-carboxylate;(5S,6S)-5-(1-carboxylatoethenoxy)-6-hydroxycyclohexa-1,3-diene-1-carboxylate;4-carboxyphenolate;(2S)-2-[[4-[(1,2-diamino-4-oxo-3H-pteridine-1,8-diium-6-yl)methylamino]benzoyl]amino]pentanedioic acid;2,3-dimethoxy-5-methyl-6-(3-methylbut-2-enyl)cyclohexa-2,5-diene-1,4-dione;2-methyl-3-(3-methylbut-2-enyl)naphthalene-1,4-dione",NULL,1671.600,C83H84N9O29-3,657.000,2740.000,NULL,121,13,33,21,"InChI=1S/C19H20N8O6.C16H16O2.C14H18O4.2C10H10O6.C7H7NO2.C7H6O3/c20-19-26-17(31)14-15(27(19)21)23-8-11(24-14)7-22-10-3-1-9(2-4-10)16(30)25-12(18(32)33)5-6-13(28)29;1-10(2)8-9-12-11(3)15(17)13-6-4-5-7-14(13)16(12)18;1-8(2)6-7-10-9(3)11(15)13(17-4)14(18-5)12(10)16;1-5(9(12)13)16-8-4-6(10(14)15)2-3-7(8)11;1-5(9(12)13)16-7-4-2-3-6(8(7)11)10(14)15;2*8-6-3-1-5(2-4-6)7(9)10/h1-4,8,12H,5-7,21H2,(H6,20,22,25,26,28,29,30,31,32,33);4-8H,9H2,1-3H3;6H,7H2,1-5H3;2*2-4,7-8,11H,1H2,(H,12,13)(H,14,15);1-4H,8H2,(H,9,10);1-4,8H,(H,9,10)/p-3/t12-;;;7-,8?;7-,8-;;/m0..10../s1",CC1=C(C(=O)C2=CC=CC=C2C1=O)CC=C(C)C.CC1=C(C(=O)C(=C(C1=O)OC)OC)CC=C(C)C.C=C(C(=O)[O-])O[C@H]1C=CC=C([C@@H]1O)C(=O)[O-].C=C(C(=O)[O-])OC1C=C(C=C[C@H]1O)C(=O)[O-].C1=CC(=CC=C1C(=O)O)N.C1=CC(=CC=C1C(=O)N[C@@H](CCC(=O)O)C(=O)O)NCC2=C[NH+]=C3C(=N2)C(=O)NC(=[N+]3N)N.C1=CC(=CC=C1C(=O)O)[O-],GQGKMVHEJDTVCU-REFDQZCVSA-K,"4-aminobenzoic acid;(4R)-3-(1-carboxylatoethenoxy)-4-hydroxycyclohexa-1,5-diene-1-carboxylate;(5S,6S)-5-(1-carboxylatoethenoxy)-6-hydroxycyclohexa-1,3-diene-1-carboxylate;4-carboxyphenolate;(2S)-2-[[4-[(1,2-diamino-4-oxo-3H-pteridine-1,8-diium-6-yl)methylamino]benzoyl]amino]pentanedioic acid;2,3-dimethoxy-5-methyl-6-(3-methylbut-2-enyl)cyclohexa-2,5-diene-1,4-dione;2-methyl-3-(3-methylbut-2-enyl)naphthalene-1,4-dione",NULL,Patents,1,NULL,20211203,Google Patents,Research and Development,NULL
157565243,"(4aS,8aS)-4a,8a-dihydro-4H-1,4-benzoxazine-2,5-dicarboxylic acid;(1R,5aR,6R,10aS)-6-formyloxy-1,4,5a,6,9,10a-hexahydrophenazine-1-carboxylic acid;[(1R,10aR)-1,2,10,10a-tetrahydrophenazin-1-yl] formate;(1R,5aR,6R)-6-formyloxy-1,2,5,5a,6,7-hexahydrophenazine-1-carboxylic acid;(1R,6S)-6-amino-5-hydroxycyclohexa-2,4-diene-1-carboxylic acid;(5S,6S)-6-amino-5-hydroxycyclohexa-1,3-diene-1-carboxylic acid;[(1R,6S)-6-amino-5-oxocyclohex-2-en-1-yl] formate;(3R,4R)-3-(1-carboxyethenoxy)-4-hydroxycyclohexa-1,5-diene-1-carboxylic acid;deuterio(methyl)phosphane;5,10-dihydrophenazin-1-yl formate;(4R,5S)-6-ethyl-2,4,5-trihydroxyoxane-2-carboxylic acid;6-formyloxyphenazine-1-carboxylic acid;iodo (1R,6S)-6-amino-5-oxocyclohex-2-ene-1-carboxylate;methane;oxooxidanium;phenazine;phenazin-1-yl formate",NULL,3256.900,C154H165IN19O51P+2,1090.000,4580.000,NULL,226,27,68,28,"InChI=1S/2C14H14N2O4.C14H8N2O4.C13H12N2O2.C13H10N2O2.C13H8N2O2.C12H8N2.C10H9NO5.C10H10O6.C8H14O6.C7H8INO3.3C7H9NO3.CH5P.4CH4.2O2/c3*17-7-20-11-6-2-5-10-13(11)16-9-4-1-3-8(14(18)19)12(9)15-10;3*16-8-17-12-7-3-6-11-13(12)15-10-5-2-1-4-9(10)14-11;1-2-6-10-9(5-1)13-11-7-3-4-8-12(11)14-10;12-9(13)5-2-1-3-6-8(5)11-4-7(16-6)10(14)15;1-5(9(12)13)16-8-4-6(10(14)15)2-3-7(8)11;1-2-5-6(10)4(9)3-8(13,14-5)7(11)12;8-12-7(11)4-2-1-3-5(10)6(4)9;8-7-5(10)2-1-3-6(7)11-4-9;2*8-6-4(7(10)11)2-1-3-5(6)9;1-2;;;;;2*1-2/h1-2,4-5,7-8,11,13,16H,3,6H2,(H,18,19);1-3,6-8,11-13H,4-5H2,(H,18,19);1-7H,(H,18,19);1-6,8,12-13,15H,7H2;1-8,14-15H;1-8H;1-8H;1-4,6,8,11H,(H,12,13)(H,14,15);2-4,7-8,11H,1H2,(H,12,13)(H,14,15);4-6,9-10,13H,2-3H2,1H3,(H,11,12);1-2,4,6H,3,9H2;1,3-4,6-7H,2,8H2;1-3,5-6,9H,8H2,(H,10,11);1-4,6,9H,8H2,(H,10,11);2H2,1H3;4*1H4;;/p+2/t8-,11-,13-;8-,11-,12+,13-;;12-,13-;;;;6-,8-;7-,8-;4-,5?,6+,8?;4-,6+;6-,7-;5-,6-;4-,6+;;;;;;;/m11.1...0111101......./s1/i;;;;;;;;;;;;;;2D;;;;;;",[2H]PC.C.C.C.C.CCC1[C@H]([C@@H](CC(O1)(C(=O)O)O)O)O.C=C(C(=O)O)O[C@@H]1C=C(C=C[C@H]1O)C(=O)O.C1C=CC2=NC3=C(C=CC[C@H]3C(=O)O)N[C@H]2[C@@H]1OC=O.C1C=CC2=NC3=CC=CC=C3N[C@H]2[C@@H]1OC=O.C1C=C[C@H]([C@@H](C1=O)N)C(=O)OI.C1C=C[C@H]([C@@H](C1=O)N)OC=O.C1C=C[C@H]([C@H]2C1=N[C@H]3[C@@H](C=CCC3=N2)OC=O)C(=O)O.C1=CC=C2C(=C1)NC3=C(N2)C(=CC=C3)OC=O.C1=CC=C2C(=C1)N=C3C=CC=CC3=N2.C1=CC=C2C(=C1)N=C3C=CC=C(C3=N2)OC=O.C1=C[C@H]([C@@H](C(=C1)O)N)C(=O)O.C1=C[C@@H]([C@H](C(=C1)C(=O)O)N)O.C1=C[C@H]2[C@H](C(=C1)C(=O)O)NC=C(O2)C(=O)O.C1=CC(=C2C(=C1)N=C3C(=N2)C=CC=C3OC=O)C(=O)O.[OH+]=O.[OH+]=O,CFQQHCJUTRVHPC-SVOYJIPWSA-P,"(4aS,8aS)-4a,8a-dihydro-4H-1,4-benzoxazine-2,5-dicarboxylic acid;(1R,5aR,6R,10aS)-6-formyloxy-1,4,5a,6,9,10a-hexahydrophenazine-1-carboxylic acid;[(1R,10aR)-1,2,10,10a-tetrahydrophenazin-1-yl] formate;(1R,5aR,6R)-6-formyloxy-1,2,5,5a,6,7-hexahydrophenazine-1-carboxylic acid;(1R,6S)-6-amino-5-hydroxycyclohexa-2,4-diene-1-carboxylic acid;(5S,6S)-6-amino-5-hydroxycyclohexa-1,3-diene-1-carboxylic acid;[(1R,6S)-6-amino-5-oxocyclohex-2-en-1-yl] formate;(3R,4R)-3-(1-carboxyethenoxy)-4-hydroxycyclohexa-1,5-diene-1-carboxylic acid;deuterio(methyl)phosphane;5,10-dihydrophenazin-1-yl formate;(4R,5S)-6-ethyl-2,4,5-trihydroxyoxane-2-carboxylic acid;6-formyloxyphenazine-1-carboxylic acid;iodo (1R,6S)-6-amino-5-oxocyclohex-2-ene-1-carboxylate;methane;oxooxidanium;phenazine;phenazin-1-yl formate",NULL,Patents,1,NULL,20211203,Google Patents,Research and Development,NULL
157656343,CID 157656343,NULL,1552.100,C60H71N3O41P2-2,771.000,2000.000,NULL,106,18,44,26,"InChI=1S/C10H13NO5.C10H13O10P.2C10H10O6.C9H11NO3.C9H11NO2.2CO2.HO4P.H2O.H2/c11-8(9(14)15)5-10(16-6-12)3-1-7(13)2-4-10;1-4(9(12)13)19-6-2-5(10(14)15)3-7(8(6)11)20-21(16,17)18;1-5(9(12)13)16-8-4-6(10(14)15)2-3-7(8)11;11-6-16-10(5-8(13)9(14)15)3-1-7(12)2-4-10;10-8(9(12)13)5-6-1-3-7(11)4-2-6;10-8(9(11)12)6-7-4-2-1-3-5-7;2*2-1-3;1-4-5(2)3;;/h1-4,6-8,13H,5,11H2,(H,14,15);3,6-8,11H,1-2H2,(H,12,13)(H,14,15)(H2,16,17,18);2-4,7-8,11H,1H2,(H,12,13)(H,14,15);1-4,6-7,12H,5H2,(H,14,15);1-4,8,11H,5,10H2,(H,12,13);1-5,8H,6,10H2,(H,11,12);;;1H;1H2;1H/p-2",[HH].C=C(C(=O)O)OC1CC(=CC(C1O)OP(=O)(O)[O-])C(=O)O.C=C(C(=O)O)OC1C=C(C=CC1O)C(=O)O.C1=CC=C(C=C1)CC(C(=O)O)N.C1=CC(C=CC1O)(CC(C(=O)O)N)OC=O.C1=CC(C=CC1O)(CC(=O)C(=O)O)OC=O.C1=CC(=CC=C1CC(C(=O)O)N)O.C(=O)=O.C(=O)=O.O.[O-]OP(=O)=O,VXZOYTJMLLZQRY-UHFFFAOYSA-L,NULL,NULL,Patents,1,NULL,20211203,Google Patents,Research and Development,NULL
161337569,CID 161337569,NULL,2469.400,C68H113N2O77P9-6,1380.000,2330.000,NULL,156,33,79,36,"InChI=1S/C10H13O10P.C10H10O6.C9H11NO3.C9H11NO2.C7H13O10P.C7H10O5.C4H9O7P.2C3H5O6P.2CO2.4CH4.4HO4P.2H2O.4H2/c1-4(9(12)13)19-6-2-5(10(14)15)3-7(8(6)11)20-21(16,17)18;1-5(9(12)13)16-8-4-6(10(14)15)2-3-7(8)11;10-8(9(12)13)5-6-1-3-7(11)4-2-6;10-8(9(11)12)6-7-4-2-1-3-5-7;8-3(1-4(9)7(12)13)6(11)5(10)2-17-18(14,15)16;8-4-1-3(7(11)12)2-5(9)6(4)10;5-1-3(6)4(7)2-11-12(8,9)10;2*1-2(3(4)5)9-10(6,7)8;2*2-1-3;;;;;4*1-4-5(2)3;;;;;;/h3,6-8,11H,1-2H2,(H,12,13)(H,14,15)(H2,16,17,18);2-4,7-8,11H,1H2,(H,12,13)(H,14,15);1-4,8,11H,5,10H2,(H,12,13);1-5,8H,6,10H2,(H,11,12);3,5-6,8,10-11H,1-2H2,(H,12,13)(H2,14,15,16);1,4-6,8-10H,2H2,(H,11,12);1,3-4,6-7H,2H2,(H2,8,9,10);2*1H2,(H,4,5)(H2,6,7,8);;;4*1H4;4*1H;2*1H2;4*1H/p-6",[HH].[HH].[HH].[HH].[H+].C.C.C.C.C=C(C(=O)O)OC1CC(=CC(C1O)OP(=O)(O)[O-])C(=O)O.C=C(C(=O)O)OC1C=C(C=CC1O)C(=O)O.C=C(C(=O)O)OP(=O)(O)[O-].C=C(C(=O)O)OP(=O)(O)[O-].C1C(C(C(C=C1C(=O)O)O)O)O.C1=CC=C(C=C1)CC(C(=O)O)N.C1=CC(=CC=C1CC(C(=O)O)N)O.C(C(C(C(COP(=O)(O)O)O)O)O)C(=O)C(=O)O.C(C(C(C=O)O)O)OP(=O)(O)[O-].C(=O)=O.C(=O)=O.O.O.OOP(=O)=O.[O-]OP(=O)=O.[O-]OP(=O)=O.[O-]OP(=O)=O,URKHUIGVYLIBCP-UHFFFAOYSA-H,NULL,NULL,Patents,1,NULL,20211203,Google Patents,Research and Development,NULL
161376265,CID 161376265,NULL,1042.000,C48H55N3O23,479.000,1340.000,NULL,74,13,26,19,"InChI=1S/C10H13NO5.C10H10O6.C9H11NO3.C9H11NO2.C9H10O5.CO2/c11-8(9(14)15)5-10(16-6-12)3-1-7(13)2-4-10;1-5(9(12)13)16-8-4-6(10(14)15)2-3-7(8)11;10-8(9(12)13)5-6-1-3-7(11)4-2-6;10-8(9(11)12)6-7-4-2-1-3-5-7;10-6-14-9(5-8(12)13)3-1-7(11)2-4-9;2-1-3/h1-4,6-8,13H,5,11H2,(H,14,15);2-4,7-8,11H,1H2,(H,12,13)(H,14,15);1-4,8,11H,5,10H2,(H,12,13);1-5,8H,6,10H2,(H,11,12);1-4,6-7,11H,5H2,(H,12,13);",C=C(C(=O)O)OC1C=C(C=CC1O)C(=O)O.C1=CC=C(C=C1)CC(C(=O)O)N.C1=CC(C=CC1O)(CC(C(=O)O)N)OC=O.C1=CC(C=CC1O)(CC(=O)O)OC=O.C1=CC(=CC=C1CC(C(=O)O)N)O.C(=O)=O,VRCUJGMFIGVGMI-UHFFFAOYSA-N,NULL,NULL,Patents,1,NULL,20211203,Google Patents,Research and Development,NULL
161502968,"2-amino-3-(4-aminophenyl)propanoic acid;(3R,4R)-4-amino-3-(1-carboxyethenoxy)cyclohexa-1,5-diene-1-carboxylic acid;(5S,6S)-6-amino-5-(1-carboxyethenoxy)cyclohexa-1,3-diene-1-carboxylic acid;4-amino-1-(2-carboxy-2-oxoethyl)cyclohexa-2,5-diene-1-carboxylic acid;(3R,4R)-4-amino-3-hydroxycyclohexa-1,5-diene-1-carboxylic acid;(5S,6S)-6-amino-5-hydroxycyclohexa-1,3-diene-1-carboxylic acid;(3R,4R)-3-(1-carboxyethenoxy)-4-hydroxycyclohexa-1,5-diene-1-carboxylic acid;(5S,6S)-5-(1-carboxyethenoxy)-6-hydroxycyclohexa-1,3-diene-1-carboxylic acid;(3R,4R)-3,4-dihydroxycyclohexa-1,5-diene-1-carboxylic acid;(5S,6S)-5,6-dihydroxycyclohexa-1,3-diene-1-carboxylic acid",NULL,1930.700,C87H99N7O43,958.000,3060.000,NULL,137,30,50,27,"InChI=1S/3C10H11NO5.2C10H10O6.C9H12N2O2.2C7H9NO3.2C7H8O4/c1-5(9(12)13)16-8-4-6(10(14)15)2-3-7(8)11;1-5(9(12)13)16-7-4-2-3-6(8(7)11)10(14)15;11-6-1-3-10(4-2-6,9(15)16)5-7(12)8(13)14;1-5(9(12)13)16-8-4-6(10(14)15)2-3-7(8)11;1-5(9(12)13)16-7-4-2-3-6(8(7)11)10(14)15;10-7-3-1-6(2-4-7)5-8(11)9(12)13;8-5-2-1-4(7(10)11)3-6(5)9;8-6-4(7(10)11)2-1-3-5(6)9;8-5-2-1-4(7(10)11)3-6(5)9;8-5-3-1-2-4(6(5)9)7(10)11/h2*2-4,7-8H,1,11H2,(H,12,13)(H,14,15);1-4,6H,5,11H2,(H,13,14)(H,15,16);2*2-4,7-8,11H,1H2,(H,12,13)(H,14,15);1-4,8H,5,10-11H2,(H,12,13);2*1-3,5-6,9H,8H2,(H,10,11);2*1-3,5-6,8-9H,(H,10,11)/t2*7-,8-;;2*7-,8-;;4*5-,6-/m10.10.1010/s1",C=C(C(=O)O)O[C@H]1C=CC=C([C@@H]1N)C(=O)O.C=C(C(=O)O)O[C@H]1C=CC=C([C@@H]1O)C(=O)O.C=C(C(=O)O)O[C@@H]1C=C(C=C[C@H]1N)C(=O)O.C=C(C(=O)O)O[C@@H]1C=C(C=C[C@H]1O)C(=O)O.C1=C[C@@H]([C@H](C(=C1)C(=O)O)N)O.C1=C[C@@H]([C@H](C(=C1)C(=O)O)O)O.C1=CC(=C[C@H]([C@@H]1N)O)C(=O)O.C1=CC(=C[C@H]([C@@H]1O)O)C(=O)O.C1=CC(C=CC1N)(CC(=O)C(=O)O)C(=O)O.C1=CC(=CC=C1CC(C(=O)O)N)N,WHBPBEIBRDILLG-JZSUPXKWSA-N,"2-amino-3-(4-aminophenyl)propanoic acid;(3R,4R)-4-amino-3-(1-carboxyethenoxy)cyclohexa-1,5-diene-1-carboxylic acid;(5S,6S)-6-amino-5-(1-carboxyethenoxy)cyclohexa-1,3-diene-1-carboxylic acid;4-amino-1-(2-carboxy-2-oxoethyl)cyclohexa-2,5-diene-1-carboxylic acid;(3R,4R)-4-amino-3-hydroxycyclohexa-1,5-diene-1-carboxylic acid;(5S,6S)-6-amino-5-hydroxycyclohexa-1,3-diene-1-carboxylic acid;(3R,4R)-3-(1-carboxyethenoxy)-4-hydroxycyclohexa-1,5-diene-1-carboxylic acid;(5S,6S)-5-(1-carboxyethenoxy)-6-hydroxycyclohexa-1,3-diene-1-carboxylic acid;(3R,4R)-3,4-dihydroxycyclohexa-1,5-diene-1-carboxylic acid;(5S,6S)-5,6-dihydroxycyclohexa-1,3-diene-1-carboxylic acid",NULL,Patents,1,NULL,20211203,Google Patents,Research and Development,NULL
161847843,"2-amino-3-(4-aminophenyl)propanoic acid;3-(4-aminophenyl)-2-oxopropanoic acid;(E)-3-(4-aminophenyl)prop-2-enoic acid;3-(1-carboxyethenoxy)-4-hydroxybenzoic acid;(3R,4S,5S,6R)-6-(hydroxymethyl)oxane-2,3,4,5-tetrol",NULL,926.900,C43H50N4O19,448.000,1030.000,NULL,66,15,23,13,"InChI=1S/C10H8O6.C9H12N2O2.C9H9NO3.C9H9NO2.C6H12O6/c1-5(9(12)13)16-8-4-6(10(14)15)2-3-7(8)11;2*10-7-3-1-6(2-4-7)5-8(11)9(12)13;10-8-4-1-7(2-5-8)3-6-9(11)12;7-1-2-3(8)4(9)5(10)6(11)12-2/h2-4,11H,1H2,(H,12,13)(H,14,15);1-4,8H,5,10-11H2,(H,12,13);1-4H,5,10H2,(H,12,13);1-6H,10H2,(H,11,12);2-11H,1H2/b;;;6-3+;/t;;;;2-,3-,4+,5-,6?/m....1/s1",C=C(C(=O)O)OC1=C(C=CC(=C1)C(=O)O)O.C1=CC(=CC=C1CC(C(=O)O)N)N.C1=CC(=CC=C1CC(=O)C(=O)O)N.C1=CC(=CC=C1/C=C/C(=O)O)N.C([C@@H]1[C@H]([C@@H]([C@H](C(O1)O)O)O)O)O,XYQIZNSYQHSHIR-RAERRYOVSA-N,"2-amino-3-(4-aminophenyl)propanoic acid;3-(4-aminophenyl)-2-oxopropanoic acid;(E)-3-(4-aminophenyl)prop-2-enoic acid;3-(1-carboxyethenoxy)-4-hydroxybenzoic acid;(3R,4S,5S,6R)-6-(hydroxymethyl)oxane-2,3,4,5-tetrol",NULL,Patents,1,NULL,20211203,Google Patents,Research and Development,NULL
162052931,"2-aminobenzoic acid;4-aminobenzoic acid;2-azaniumyl-3-(4-hydroxyphenyl)propanoate;2-azaniumyl-3-(1H-indol-3-yl)propanoate;2-azaniumyl-3-phenylpropanoate;(4R)-3-(1-carboxylatoethenoxy)-4-hydroxycyclohexa-1,5-diene-1-carboxylate;1-(2-carboxylato-2-oxoethyl)-4-hydroxycyclohexa-2,5-diene-1-carboxylate",NULL,1273.200,C63H64N6O23-4,593.000,1570.000,NULL,92,11,25,12,"InChI=1S/C11H12N2O2.2C10H10O6.C9H11NO3.C9H11NO2.2C7H7NO2/c12-9(11(14)15)5-7-6-13-10-4-2-1-3-8(7)10;1-5(9(12)13)16-8-4-6(10(14)15)2-3-7(8)11;11-6-1-3-10(4-2-6,9(15)16)5-7(12)8(13)14;10-8(9(12)13)5-6-1-3-7(11)4-2-6;10-8(9(11)12)6-7-4-2-1-3-5-7;8-6-3-1-5(2-4-6)7(9)10;8-6-4-2-1-3-5(6)7(9)10/h1-4,6,9,13H,5,12H2,(H,14,15);2-4,7-8,11H,1H2,(H,12,13)(H,14,15);1-4,6,11H,5H2,(H,13,14)(H,15,16);1-4,8,11H,5,10H2,(H,12,13);1-5,8H,6,10H2,(H,11,12);2*1-4H,8H2,(H,9,10)/p-4/t;7-,8?;;;;;/m.1...../s1",C=C(C(=O)[O-])OC1C=C(C=C[C@H]1O)C(=O)[O-].C1=CC=C(C=C1)CC(C(=O)[O-])[NH3+].C1=CC=C2C(=C1)C(=CN2)CC(C(=O)[O-])[NH3+].C1=CC=C(C(=C1)C(=O)O)N.C1=CC(C=CC1O)(CC(=O)C(=O)[O-])C(=O)[O-].C1=CC(=CC=C1CC(C(=O)[O-])[NH3+])O.C1=CC(=CC=C1C(=O)O)N,YYUDFFNIBPWDKR-VCSURVPYSA-J,"2-aminobenzoic acid;4-aminobenzoic acid;2-azaniumyl-3-(4-hydroxyphenyl)propanoate;2-azaniumyl-3-(1H-indol-3-yl)propanoate;2-azaniumyl-3-phenylpropanoate;(4R)-3-(1-carboxylatoethenoxy)-4-hydroxycyclohexa-1,5-diene-1-carboxylate;1-(2-carboxylato-2-oxoethyl)-4-hydroxycyclohexa-2,5-diene-1-carboxylate",NULL,Patents,1,NULL,20211203,Google Patents,Research and Development,NULL
164132417,"3-(1-Carboxyethenoxy)-4-hydroxy-6-iodocyclohexa-1,5-diene-1-carboxylic acid",NULL,352.080,C10H9IO6,104.000,436.000,0.400,17,3,6,4,"InChI=1S/C10H9IO6/c1-4(9(13)14)17-8-2-5(10(15)16)6(11)3-7(8)12/h2-3,7-8,12H,1H2,(H,13,14)(H,15,16)",C=C(C(=O)O)OC1C=C(C(=CC1O)I)C(=O)O,YOYCSDRSLSCWTO-UHFFFAOYSA-N,"3-(1-carboxyethenoxy)-4-hydroxy-6-iodocyclohexa-1,5-diene-1-carboxylic acid",NULL,Patents,1,NULL,20220706,Google Patents,Research and Development,NULL
